{
  "prefectures": [
    {
      "id": 1,
      "name": "北海道",
      "code": "01",
      "cities": [
        { "id": 101, "name": "札幌市" },
        { "id": 102, "name": "函館市" },
        { "id": 103, "name": "小樽市" },
        { "id": 104, "name": "旭川市" },
        { "id": 105, "name": "室蘭市" }
      ]
    },
    {
      "id": 2,
      "name": "青森県",
      "code": "02",
      "cities": [
        { "id": 201, "name": "青森市" },
        { "id": 202, "name": "弘前市" },
        { "id": 203, "name": "八戸市" }
      ]
    },
    {
      "id": 3,
      "name": "岩手県",
      "code": "03",
      "cities": [
        { "id": 301, "name": "盛岡市" },
        { "id": 302, "name": "宮古市" },
        { "id": 303, "name": "大船渡市" }
      ]
    },
    {
      "id": 4,
      "name": "宮城県",
      "code": "04",
      "cities": [
        { "id": 401, "name": "仙台市" },
        { "id": 402, "name": "石巻市" },
        { "id": 403, "name": "塩竈市" }
      ]
    },
    {
      "id": 5,
      "name": "秋田県",
      "code": "05",
      "cities": [
        { "id": 501, "name": "秋田市" },
        { "id": 502, "name": "能代市" },
        { "id": 503, "name": "横手市" }
      ]
    },
    {
      "id": 6,
      "name": "山形県",
      "code": "06",
      "cities": [
        { "id": 601, "name": "山形市" },
        { "id": 602, "name": "米沢市" },
        { "id": 603, "name": "鶴岡市" }
      ]
    },
    {
      "id": 7,
      "name": "福島県",
      "code": "07",
      "cities": [
        { "id": 701, "name": "福島市" },
        { "id": 702, "name": "会津若松市" },
        { "id": 703, "name": "郡山市" }
      ]
    },
    {
      "id": 8,
      "name": "茨城県",
      "code": "08",
      "cities": [
        { "id": 801, "name": "水戸市" },
        { "id": 802, "name": "日立市" },
        { "id": 803, "name": "土浦市" }
      ]
    },
    {
      "id": 9,
      "name": "栃木県",
      "code": "09",
      "cities": [
        { "id": 901, "name": "宇都宮市" },
        { "id": 902, "name": "足利市" },
        { "id": 903, "name": "栃木市" }
      ]
    },
    {
      "id": 10,
      "name": "群馬県",
      "code": "10",
      "cities": [
        { "id": 1001, "name": "前橋市" },
        { "id": 1002, "name": "高崎市" },
        { "id": 1003, "name": "桐生市" }
      ]
    },
    {
      "id": 11,
      "name": "埼玉県",
      "code": "11",
      "cities": [
        { "id": 1101, "name": "さいたま市" },
        { "id": 1102, "name": "川越市" },
        { "id": 1103, "name": "熊谷市" },
        { "id": 1104, "name": "川口市" },
        { "id": 1105, "name": "行田市" }
      ]
    },
    {
      "id": 12,
      "name": "千葉県",
      "code": "12",
      "cities": [
        { "id": 1201, "name": "千葉市" },
        { "id": 1202, "name": "銚子市" },
        { "id": 1203, "name": "市川市" },
        { "id": 1204, "name": "館山市" },
        { "id": 1205, "name": "木更津市" }
      ]
    },
    {
      "id": 13,
      "name": "東京都",
      "code": "13",
      "cities": [
        { "id": 1301, "name": "千代田区" },
        { "id": 1302, "name": "中央区" },
        { "id": 1303, "name": "港区" },
        { "id": 1304, "name": "新宿区" },
        { "id": 1305, "name": "渋谷区" },
        { "id": 1306, "name": "豊島区" },
        { "id": 1307, "name": "文京区" },
        { "id": 1308, "name": "台東区" },
        { "id": 1309, "name": "墨田区" },
        { "id": 1310, "name": "江東区" }
      ]
    },
    {
      "id": 14,
      "name": "神奈川県",
      "code": "14",
      "cities": [
        { "id": 1401, "name": "横浜市" },
        { "id": 1402, "name": "川崎市" },
        { "id": 1403, "name": "相模原市" },
        { "id": 1404, "name": "横須賀市" },
        { "id": 1405, "name": "平塚市" }
      ]
    },
    {
      "id": 15,
      "name": "新潟県",
      "code": "15",
      "cities": [
        { "id": 1501, "name": "新潟市" },
        { "id": 1502, "name": "長岡市" },
        { "id": 1503, "name": "三条市" }
      ]
    },
    {
      "id": 16,
      "name": "富山県",
      "code": "16",
      "cities": [
        { "id": 1601, "name": "富山市" },
        { "id": 1602, "name": "高岡市" },
        { "id": 1603, "name": "魚津市" }
      ]
    },
    {
      "id": 17,
      "name": "石川県",
      "code": "17",
      "cities": [
        { "id": 1701, "name": "金沢市" },
        { "id": 1702, "name": "七尾市" },
        { "id": 1703, "name": "小松市" }
      ]
    },
    {
      "id": 18,
      "name": "福井県",
      "code": "18",
      "cities": [
        { "id": 1801, "name": "福井市" },
        { "id": 1802, "name": "敦賀市" },
        { "id": 1803, "name": "越前市" }
      ]
    },
    {
      "id": 19,
      "name": "山梨県",
      "code": "19",
      "cities": [
        { "id": 1901, "name": "甲府市" },
        { "id": 1902, "name": "富士吉田市" },
        { "id": 1903, "name": "都留市" }
      ]
    },
    {
      "id": 20,
      "name": "長野県",
      "code": "20",
      "cities": [
        { "id": 2001, "name": "長野市" },
        { "id": 2002, "name": "松本市" },
        { "id": 2003, "name": "上田市" },
        { "id": 2004, "name": "飯田市" }
      ]
    },
    {
      "id": 21,
      "name": "岐阜県",
      "code": "21",
      "cities": [
        { "id": 2101, "name": "岐阜市" },
        { "id": 2102, "name": "大垣市" },
        { "id": 2103, "name": "高山市" }
      ]
    },
    {
      "id": 22,
      "name": "静岡県",
      "code": "22",
      "cities": [
        { "id": 2201, "name": "静岡市" },
        { "id": 2202, "name": "浜松市" },
        { "id": 2203, "name": "沼津市" },
        { "id": 2204, "name": "熱海市" }
      ]
    },
    {
      "id": 23,
      "name": "愛知県",
      "code": "23",
      "cities": [
        { "id": 2301, "name": "名古屋市" },
        { "id": 2302, "name": "豊田市" },
        { "id": 2303, "name": "岡崎市" },
        { "id": 2304, "name": "一宮市" },
        { "id": 2305, "name": "瀬戸市" }
      ]
    },
    {
      "id": 24,
      "name": "三重県",
      "code": "24",
      "cities": [
        { "id": 2401, "name": "津市" },
        { "id": 2402, "name": "四日市市" },
        { "id": 2403, "name": "伊勢市" }
      ]
    },
    {
      "id": 25,
      "name": "滋賀県",
      "code": "25",
      "cities": [
        { "id": 2501, "name": "大津市" },
        { "id": 2502, "name": "彦根市" },
        { "id": 2503, "name": "長浜市" }
      ]
    },
    {
      "id": 26,
      "name": "京都府",
      "code": "26",
      "cities": [
        { "id": 2601, "name": "京都市" },
        { "id": 2602, "name": "福知山市" },
        { "id": 2603, "name": "舞鶴市" }
      ]
    },
    {
      "id": 27,
      "name": "大阪府",
      "code": "27",
      "cities": [
        { "id": 2701, "name": "大阪市" },
        { "id": 2702, "name": "堺市" },
        { "id": 2703, "name": "岸和田市" },
        { "id": 2704, "name": "豊中市" },
        { "id": 2705, "name": "池田市" }
      ]
    },
    {
      "id": 28,
      "name": "兵庫県",
      "code": "28",
      "cities": [
        { "id": 2801, "name": "神戸市" },
        { "id": 2802, "name": "姫路市" },
        { "id": 2803, "name": "尼崎市" },
        { "id": 2804, "name": "明石市" },
        { "id": 2805, "name": "西宮市" }
      ]
    },
    {
      "id": 29,
      "name": "奈良県",
      "code": "29",
      "cities": [
        { "id": 2901, "name": "奈良市" },
        { "id": 2902, "name": "大和高田市" },
        { "id": 2903, "name": "大和郡山市" }
      ]
    },
    {
      "id": 30,
      "name": "和歌山県",
      "code": "30",
      "cities": [
        { "id": 3001, "name": "和歌山市" },
        { "id": 3002, "name": "田辺市" },
        { "id": 3003, "name": "新宮市" }
      ]
    },
    {
      "id": 31,
      "name": "鳥取県",
      "code": "31",
      "cities": [
        { "id": 3101, "name": "鳥取市" },
        { "id": 3102, "name": "米子市" },
        { "id": 3103, "name": "倉吉市" }
      ]
    },
    {
      "id": 32,
      "name": "島根県",
      "code": "32",
      "cities": [
        { "id": 3201, "name": "松江市" },
        { "id": 3202, "name": "浜田市" },
        { "id": 3203, "name": "出雲市" }
      ]
    },
    {
      "id": 33,
      "name": "岡山県",
      "code": "33",
      "cities": [
        { "id": 3301, "name": "岡山市" },
        { "id": 3302, "name": "倉敷市" },
        { "id": 3303, "name": "津山市" }
      ]
    },
    {
      "id": 34,
      "name": "広島県",
      "code": "34",
      "cities": [
        { "id": 3401, "name": "広島市" },
        { "id": 3402, "name": "呉市" },
        { "id": 3403, "name": "竹原市" },
        { "id": 3404, "name": "三原市" }
      ]
    },
    {
      "id": 35,
      "name": "山口県",
      "code": "35",
      "cities": [
        { "id": 3501, "name": "山口市" },
        { "id": 3502, "name": "下関市" },
        { "id": 3503, "name": "宇部市" }
      ]
    },
    {
      "id": 36,
      "name": "徳島県",
      "code": "36",
      "cities": [
        { "id": 3601, "name": "徳島市" },
        { "id": 3602, "name": "鳴門市" },
        { "id": 3603, "name": "小松島市" }
      ]
    },
    {
      "id": 37,
      "name": "香川県",
      "code": "37",
      "cities": [
        { "id": 3701, "name": "高松市" },
        { "id": 3702, "name": "丸亀市" },
        { "id": 3703, "name": "坂出市" }
      ]
    },
    {
      "id": 38,
      "name": "愛媛県",
      "code": "38",
      "cities": [
        { "id": 3801, "name": "松山市" },
        { "id": 3802, "name": "今治市" },
        { "id": 3803, "name": "宇和島市" }
      ]
    },
    {
      "id": 39,
      "name": "高知県",
      "code": "39",
      "cities": [
        { "id": 3901, "name": "高知市" },
        { "id": 3902, "name": "室戸市" },
        { "id": 3903, "name": "安芸市" }
      ]
    },
    {
      "id": 40,
      "name": "福岡県",
      "code": "40",
      "cities": [
        { "id": 4001, "name": "福岡市" },
        { "id": 4002, "name": "北九州市" },
        { "id": 4003, "name": "久留米市" },
        { "id": 4004, "name": "直方市" }
      ]
    },
    {
      "id": 41,
      "name": "佐賀県",
      "code": "41",
      "cities": [
        { "id": 4101, "name": "佐賀市" },
        { "id": 4102, "name": "唐津市" },
        { "id": 4103, "name": "鳥栖市" }
      ]
    },
    {
      "id": 42,
      "name": "長崎県",
      "code": "42",
      "cities": [
        { "id": 4201, "name": "長崎市" },
        { "id": 4202, "name": "佐世保市" },
        { "id": 4203, "name": "島原市" }
      ]
    },
    {
      "id": 43,
      "name": "熊本県",
      "code": "43",
      "cities": [
        { "id": 4301, "name": "熊本市" },
        { "id": 4302, "name": "八代市" },
        { "id": 4303, "name": "人吉市" }
      ]
    },
    {
      "id": 44,
      "name": "大分県",
      "code": "44",
      "cities": [
        { "id": 4401, "name": "大分市" },
        { "id": 4402, "name": "別府市" },
        { "id": 4403, "name": "中津市" }
      ]
    },
    {
      "id": 45,
      "name": "宮崎県",
      "code": "45",
      "cities": [
        { "id": 4501, "name": "宮崎市" },
        { "id": 4502, "name": "都城市" },
        { "id": 4503, "name": "延岡市" }
      ]
    },
    {
      "id": 46,
      "name": "鹿児島県",
      "code": "46",
      "cities": [
        { "id": 4601, "name": "鹿児島市" },
        { "id": 4602, "name": "鹿屋市" },
        { "id": 4603, "name": "枕崎市" }
      ]
    },
    {
      "id": 47,
      "name": "沖縄県",
      "code": "47",
      "cities": [
        { "id": 4701, "name": "那覇市" },
        { "id": 4702, "name": "宜野湾市" },
        { "id": 4703, "name": "石垣市" },
        { "id": 4704, "name": "浦添市" }
      ]
    }
  ]
}
